{
  "timestamp": "2026-07-14T18:32:25Z",
  "total_files": 2591,
  "total_loc": 628232,
  "total_time_s": 85.5,
  "throughput_loc_per_s": 7346.2,
  "total_findings": 853,
  "by_language": {
    "python": {
      "files": 158,
      "loc": 68820,
      "time": 36.126873299999716,
      "findings": 498
    },
    "java": {
      "files": 2423,
      "loc": 558289,
      "time": 49.37315580003269,
      "findings": 353
    },
    "csharp": {
      "files": 10,
      "loc": 1123,
      "time": 0.018267400001604983,
      "findings": 2
    },
    "javascript": {
      "files": 0,
      "loc": 0,
      "time": 0.0,
      "findings": 0
    }
  },
  "severity": {
    "low": 218,
    "high": 151,
    "medium": 211,
    "critical": 273
  },
  "top_cwe": {
    "CWE-1120": 135,
    "CWE-470": 106,
    "CWE-117": 91,
    "CWE-208": 86,
    "CWE-617": 78,
    "CWE-502": 75,
    "CWE-22": 63,
    "CWE-79": 42,
    "CWE-94": 39,
    "CWE-95": 24,
    "CWE-89": 23,
    "CWE-732": 16,
    "CWE-200": 15,
    "CWE-90": 10,
    "CWE-1188": 9
  }
}